Wall time,Step,Value
1683433549.7771688,0,0.5048245787620544
1683433988.9714503,1,0.558552622795105
1683434483.3049443,2,0.5752192735671997
1683434992.8621461,3,0.6100876927375793
1683435550.3002493,4,0.6085526347160339
1683436091.2036965,5,0.6228070259094238
1683436630.7069044,6,0.6412280797958374
1683437280.7087412,7,0.6247807145118713
1683437802.6770043,8,0.6357455849647522
1683438376.007416,9,0.6447368264198303
1683438801.4883296,10,0.6458333134651184
1683439324.523666,11,0.6563596725463867
1683439833.8743672,12,0.6541666388511658
1683440301.352371,13,0.6546052694320679
1683440839.8081298,14,0.659649133682251
1683441322.8099334,15,0.6583333611488342
1683441805.7446482,16,0.6576754450798035
1683442313.0111659,17,0.6703947186470032
1683442762.3246622,18,0.6706140637397766
1683443202.583533,19,0.6657894849777222
1683443552.5234692,20,0.6701754331588745
1683444009.3047228,21,0.6734648942947388
1683444462.0137887,22,0.6618421077728271
1683444978.3357155,23,0.6697368621826172
1683445378.3779473,24,0.6782894730567932
1683445858.355605,25,0.6611841917037964
1683446314.1302836,26,0.6692982316017151
1683446742.5986936,27,0.660306990146637
1683447222.1154838,28,0.6646929979324341
1683447726.9347684,29,0.6732456088066101
1683448197.897287,30,0.6633771657943726
1683448699.3162563,31,0.6679824590682983
1683449201.7248886,32,0.6666666865348816
1683449724.280474,33,0.6697368621826172
1683450241.8836815,34,0.6686403751373291
1683450747.5101726,35,0.6692982316017151
1683451246.4078934,36,0.676096498966217
1683451696.5936673,37,0.6668859720230103
1683452123.8708503,38,0.6690789461135864
1683452572.0281131,39,0.6666666865348816
1683453061.1074047,40,0.6655701994895935
1683453543.203402,41,0.6664473414421082
1683454015.8049676,42,0.6688596606254578
1683454519.0043766,43,0.6710526347160339
1683455128.389172,44,0.6708333492279053
1683455730.6454144,45,0.6747807264328003
1683456306.7135885,46,0.6688596606254578
1683456837.5795925,47,0.672149121761322
1683457475.3839476,48,0.6758772134780884
1683458014.306626,49,0.6618421077728271
