Wall time,Step,Value
1683433549.77707,0,1.0655089616775513
1683433988.9713852,1,1.3894304037094116
1683434483.3047774,2,1.8295745849609375
1683434992.8619502,3,0.9504679441452026
1683435550.3000941,4,0.9451778531074524
1683436091.2036273,5,1.6111236810684204
1683436630.7067416,6,0.9377821087837219
1683437280.7086582,7,0.9148890376091003
1683437802.6769292,8,0.9176328778266907
1683438376.0072649,9,0.7971698045730591
1683438801.4881737,10,1.0797665119171143
1683439324.5235987,11,1.3418214321136475
1683439833.8743014,12,0.8853910565376282
1683440301.3522322,13,0.8783601522445679
1683440839.8080623,14,0.8742720484733582
1683441322.8098645,15,1.1395153999328613
1683441805.7443957,16,0.9563030004501343
1683442313.0110989,17,0.7850340008735657
1683442762.3244963,18,1.0793280601501465
1683443202.5834682,19,0.8997004628181458
1683443552.523401,20,0.7584875822067261
1683444009.3046553,21,0.9494430422782898
1683444462.0137243,22,0.9265850782394409
1683444978.3356247,23,0.8214722871780396
1683445378.3778448,24,0.785500705242157
1683445858.3554997,25,1.126328468322754
1683446314.130212,26,0.6480909585952759
1683446742.5986207,27,0.7813611030578613
1683447222.1154213,28,0.7512836456298828
1683447726.9347055,29,0.923039436340332
1683448197.8971748,30,1.0355250835418701
1683448699.3161366,31,0.9594354629516602
1683449201.7247956,32,1.0527383089065552
1683449724.280373,33,1.0073344707489014
1683450241.8836153,34,0.9095126986503601
1683450747.5101004,35,0.6098656058311462
1683451246.407825,36,0.8073355555534363
1683451696.5936024,37,1.1642720699310303
1683452123.8707867,38,1.1175247430801392
1683452572.028049,39,0.9439526796340942
1683453061.1072571,40,0.9327607154846191
1683453543.2032535,41,0.9594744443893433
1683454015.8047795,42,0.6352033615112305
1683454519.0042756,43,0.7958522439002991
1683455128.3891065,44,1.0355578660964966
1683455730.6453378,45,0.6628183126449585
1683456306.7135158,46,0.8017037510871887
1683456837.5795233,47,0.7873609066009521
1683457475.3838758,48,0.8065816760063171
1683458014.3065538,49,0.8210241198539734
