Wall time,Step,Value
1683233971.2348433,0,1.318336844444275
1683233997.9930947,1,0.916441798210144
1683234026.3035333,2,1.1164560317993164
1683234053.3109355,3,0.9359308481216431
1683234077.6263375,4,0.9238316416740417
1683234104.70402,5,0.979358434677124
1683234133.2407672,6,0.8557534217834473
1683234160.70041,7,1.1845552921295166
1683234181.1118283,8,1.3526290655136108
1683234188.3203833,9,0.591826319694519
1683234195.566721,10,0.6062707304954529
1683234202.7569685,11,0.959013044834137
1683234219.3094716,12,0.4054070711135864
1683234247.6654782,13,0.7373881340026855
1683234275.8886237,14,0.5886995792388916
1683234300.9384103,15,0.718025803565979
1683234326.6727984,16,0.470088928937912
1683234350.9176579,17,0.6315677762031555
1683234369.5701513,18,0.6817256212234497
1683234376.4854138,19,0.5454761385917664
1683234383.133326,20,0.5973312854766846
1683234390.1055856,21,0.5346289277076721
1683234397.2823493,22,0.8033387660980225
1683234404.4089422,23,0.44697585701942444
1683234411.6017044,24,0.5122533440589905
1683234418.730865,25,0.7548016309738159
1683234425.6955528,26,0.5032206177711487
1683234432.7182286,27,0.568358838558197
1683234439.798752,28,0.3592364490032196
1683234446.8275037,29,0.8611008524894714
1683234453.8385363,30,0.46887528896331787
1683234460.75897,31,0.5246433019638062
1683234468.046943,32,0.4132067859172821
1683234474.981633,33,0.5771754384040833
1683234482.0393257,34,0.5255348682403564
1683234488.9444344,35,0.6116954684257507
1683234495.8985827,36,0.30179154872894287
1683234502.835764,37,0.326458215713501
1683234509.8717308,38,0.5509220361709595
1683234517.2246594,39,0.3106340169906616
1683234524.2449372,40,0.37371405959129333
1683234531.2619128,41,0.20535767078399658
1683234538.304915,42,0.42118939757347107
1683234545.471465,43,0.4077306389808655
1683234552.674694,44,0.3613443672657013
1683234559.8403957,45,0.4383765757083893
1683234567.1199443,46,0.39400795102119446
1683234574.388417,47,0.3126395046710968
1683234581.5741196,48,0.3397846221923828
1683234588.6873596,49,0.6674458384513855
