Wall time,Step,Value
1683233971.2349277,0,0.43113771080970764
1683233997.9931648,1,0.5780439376831055
1683234026.3036063,2,0.6123752593994141
1683234053.3110073,3,0.6159680485725403
1683234077.6264029,4,0.639920175075531
1683234104.7040846,5,0.6702594757080078
1683234133.2408347,6,0.6802394986152649
1683234160.7004776,7,0.6990019679069519
1683234181.1118891,8,0.7053892016410828
1683234188.3204405,9,0.7341317534446716
1683234195.5667765,10,0.7401197552680969
1683234202.7570276,11,0.742514967918396
1683234219.3095315,12,0.7540917992591858
1683234247.6655512,13,0.7624750733375549
1683234275.888688,14,0.7624750733375549
1683234300.9384778,15,0.7788423299789429
1683234326.6729481,16,0.7780439257621765
1683234350.9177196,17,0.7936127781867981
1683234369.570209,18,0.7888223528862
1683234376.485479,19,0.8047904372215271
1683234383.1333907,20,0.802395224571228
1683234390.1056387,21,0.8043912053108215
1683234397.2824204,22,0.8115768432617188
1683234404.4090042,23,0.8179640769958496
1683234411.6017678,24,0.8259481191635132
1683234418.7309227,25,0.8303393125534058
1683234425.6956089,26,0.8359281420707703
1683234432.718297,27,0.8335329294204712
1683234439.7988153,28,0.8439121842384338
1683234446.8275633,29,0.8463073968887329
1683234453.8386102,30,0.8570858240127563
1683234460.7590258,31,0.8495010137557983
1683234468.0470035,32,0.8614770174026489
1683234474.981689,33,0.8538922071456909
1683234482.0393853,34,0.863872230052948
1683234488.9444928,35,0.8590818643569946
1683234495.898649,36,0.8670658469200134
1683234502.835821,37,0.8702594637870789
1683234509.8717945,38,0.8694610595703125
1683234517.2247148,39,0.8774451017379761
1683234524.2449925,40,0.8738523125648499
1683234531.2619767,41,0.8818363547325134
1683234538.3049738,42,0.8814371228218079
1683234545.4715261,43,0.8914171457290649
1683234552.674752,44,0.8802395462989807
1683234559.8404455,45,0.8830339312553406
1683234567.1200054,46,0.8954091668128967
1683234574.388485,47,0.8942115902900696
1683234581.5741866,48,0.8902195692062378
1683234588.687422,49,0.8994011878967285
