Wall time,Step,Value
1683242509.8876646,0,0.9263445734977722
1683242529.4203687,1,0.9571632742881775
1683242549.4033356,2,0.9583531618118286
1683242568.32859,3,0.9571632742881775
1683242590.6559415,4,0.9588291049003601
1683242646.948971,5,0.9613279104232788
1683242692.24972,6,0.9582341909408569
1683242711.6934688,7,0.9612089395523071
1683242779.1285164,8,0.9641837477684021
1683242817.973834,9,0.9656116366386414
1683242851.1624806,10,0.963945746421814
1683242914.4761608,11,0.9659686088562012
1683242972.2832875,12,0.967277467250824
1683242993.2128901,13,0.9684674143791199
1683243012.4661815,14,0.9670395255088806
1683243050.72304,15,0.9685863852500916
1683243119.0227783,16,0.9723941087722778
1683243180.8995028,17,0.9717991352081299
1683243201.3119926,18,0.9717991352081299
1683243229.3278623,19,0.9726320505142212
1683243300.2989275,20,0.9721561074256897
1683243362.8415701,21,0.9701332449913025
1683243391.7647603,22,0.9723941087722778
1683243410.8066747,23,0.9760828018188477
1683243443.778472,24,0.9728700518608093
1683243515.401168,25,0.9733460545539856
1683243579.3625562,26,0.9733460545539856
1683243649.5096238,27,0.9729890823364258
1683243668.5061102,28,0.9710851907730103
1683243694.7788084,29,0.9719181060791016
1683243761.216137,30,0.9747739434242249
1683243783.9674428,31,0.9712041616439819
1683243852.468264,32,0.9727510809898376
1683243911.7083678,33,0.9704902172088623
1683243934.6920474,34,0.9733460545539856
1683243980.718578,35,0.9706092476844788
1683244045.3289459,36,0.9731080532073975
1683244098.1419103,37,0.9707282185554504
1683244117.123137,38,0.9716801643371582
1683244175.6669192,39,0.9722750782966614
1683244224.8146403,40,0.9719181060791016
1683244244.3668292,41,0.9712041616439819
1683244300.9628944,42,0.9731080532073975
1683244340.4580863,43,0.974416971206665
1683244360.0636058,44,0.9727510809898376
1683244382.274963,45,0.9742979407310486
1683244450.2673652,46,0.9751309156417847
1683244488.867584,47,0.9726320505142212
1683244508.4502172,48,0.9709662199020386
1683244542.587858,49,0.9691813588142395
