Wall time,Step,Value
1683242509.8876047,0,0.011799028143286705
1683242529.4203098,1,0.0008410868467763066
1683242549.4032772,2,0.0003471215895842761
1683242568.3285308,3,0.08641960471868515
1683242590.6558743,4,0.3612944781780243
1683242646.9488704,5,0.06916820257902145
1683242692.2496586,6,0.0030135095585137606
1683242711.6934092,7,1.17927885055542
1683242779.1284423,8,0.004400117322802544
1683242817.97377,9,0.0010739413555711508
1683242851.1624115,10,0.000598028302192688
1683242914.4760919,11,0.0018330228049308062
1683242972.2831764,12,0.0007603631820529699
1683242993.2128305,13,0.00014173534873407334
1683243012.4661162,14,7.62830677558668e-05
1683243050.722976,15,0.00012360390974208713
1683243119.022714,16,6.260696682147682e-05
1683243180.8994367,17,0.0020910287275910378
1683243201.311877,18,2.0205317923682742e-05
1683243229.327803,19,8.617865387350321e-05
1683243300.298856,20,0.0010265553137287498
1683243362.841506,21,0.09562508016824722
1683243391.7646968,22,0.5169146656990051
1683243410.806612,23,0.01207626610994339
1683243443.778327,24,3.0398314265767112e-06
1683243515.4010084,25,0.0015918227145448327
1683243579.3624887,26,0.006244857795536518
1683243649.5094948,27,0.0004168387968093157
1683243668.506048,28,0.34155622124671936
1683243694.7787123,29,0.0003129552642349154
1683243761.2160704,30,0.43305566906929016
1683243783.967378,31,8.79329236340709e-05
1683243852.4682002,32,8.055090438574553e-05
1683243911.7083027,33,0.0004759781004395336
1683243934.691986,34,0.00037501996848732233
1683243980.7185133,35,0.0061211357824504375
1683244045.3288808,36,0.002814764389768243
1683244098.1418483,37,0.0035769050009548664
1683244117.1230738,38,0.027682315558195114
1683244175.666857,39,0.0035954932682216167
1683244224.8145835,40,0.002924088155850768
1683244244.3667648,41,0.16917183995246887
1683244300.9628384,42,0.0001786406646715477
1683244340.4580247,43,0.3416736125946045
1683244360.0635464,44,4.17206683778204e-05
1683244382.274896,45,0.06831338256597519
1683244450.267303,46,0.0003307382867205888
1683244488.8675253,47,0.0006563272909261286
1683244508.4500916,48,5.802110899821855e-05
1683244542.5877233,49,2.5778230337891728e-05
