Wall time,Step,Value
1683357819.846197,39,1.8625627756118774
1683357976.2968416,40,1.397667646408081
1683358115.056791,41,1.5353245735168457
1683358258.1292129,42,1.1077361106872559
1683358393.727206,43,1.4397028684616089
1683358551.524037,44,0.9084786176681519
1683358722.545269,45,0.7522585988044739
1683358862.193991,46,1.2255207300186157
1683359025.3577638,47,0.9822664260864258
1683359173.770944,48,1.1039527654647827
1683359323.6491606,49,0.8962225914001465
1683359467.479918,50,0.9750979542732239
1683359565.2267375,51,1.0442655086517334
1683359677.5398338,52,0.8564772605895996
1683359783.0947871,53,0.9211915731430054
1683359882.7159715,54,0.9722681045532227
1683359984.4825735,55,0.8770413398742676
1683360080.764676,56,0.9462777972221375
1683360184.6627517,57,0.8740212321281433
1683360284.8649168,58,0.8266949653625488
1683360384.9807596,59,0.6293913125991821
1683360491.3972485,60,0.6200354099273682
1683360590.6700122,61,0.8720582723617554
1683360682.518643,62,0.7922230958938599
1683360781.2051735,63,0.678891122341156
1683360882.3889732,64,0.642990231513977
1683360983.6952963,65,0.5187987685203552
1683361078.8423717,66,0.7370232343673706
1683361179.4544137,67,0.8364467620849609
1683361284.710134,68,0.682698130607605
1683361389.0742188,69,0.7064157724380493
1683361488.4129608,70,0.5612177848815918
1683361597.4866586,71,0.5997538566589355
1683361708.0993578,72,0.47597256302833557
1683361811.6778042,73,0.7302061915397644
1683361925.1857784,74,0.6379925012588501
1683362045.8302891,75,0.5503877997398376
1683362159.097949,76,0.7540757656097412
1683362261.908291,77,0.4597768783569336
1683362373.9782555,78,0.7508193254470825
1683362515.5836055,79,0.44728317856788635
1683362630.7183998,80,0.4177350103855133
1683362740.459291,81,0.5969184041023254
1683362847.4246223,82,0.39101672172546387
1683362954.3146203,83,0.47638678550720215
1683363062.6206472,84,0.6763538122177124
1683363165.3805249,85,0.352973997592926
1683363274.3420491,86,0.4155883193016052
1683363391.5335414,87,0.5199233889579773
1683363496.8622692,88,0.534772515296936
