Wall time,Step,Value
1683357819.846269,39,0.34671053290367126
1683357976.2969227,40,0.4521929919719696
1683358115.0568693,41,0.48750001192092896
1683358258.129267,42,0.5256578922271729
1683358393.7272625,43,0.5453947186470032
1683358551.5240939,44,0.5625
1683358722.5453255,45,0.590350866317749
1683358862.1940448,46,0.6076754331588745
1683359025.3578248,47,0.6151315569877625
1683359173.7710009,48,0.6302631497383118
1683359323.6492283,49,0.6502193212509155
1683359467.4800003,50,0.6570175290107727
1683359565.226798,51,0.6587719321250916
1683359677.5398972,52,0.6616228222846985
1683359783.0948648,53,0.6868420839309692
1683359882.716033,54,0.6971490979194641
1683359984.4826298,55,0.7024123072624207
1683360080.7647312,56,0.7013157606124878
1683360184.6628935,57,0.7190789580345154
1683360284.8649743,58,0.719298243522644
1683360384.980816,59,0.7304824590682983
1683360491.3973594,60,0.7364035248756409
1683360590.6700733,61,0.7449561357498169
1683360682.5186942,62,0.7519736886024475
1683360781.2052433,63,0.7570175528526306
1683360882.389038,64,0.7532894611358643
1683360983.6953502,65,0.7655701637268066
1683361078.842431,66,0.7728070020675659
1683361179.4544747,67,0.773245632648468
1683361284.7101912,68,0.7822368144989014
1683361389.0742853,69,0.7837719321250916
1683361488.4130173,70,0.7936403751373291
1683361597.486719,71,0.8017544150352478
1683361708.0994668,72,0.8024122714996338
1683361811.677943,73,0.8032894730567932
1683361925.1858416,74,0.8144736886024475
1683362045.8303497,75,0.8188596367835999
1683362159.0980315,76,0.8166666626930237
1683362261.908357,77,0.8243421316146851
1683362373.9783242,78,0.8245614171028137
1683362515.5836651,79,0.8298245668411255
1683362630.7184632,80,0.8328947424888611
1683362740.4593482,81,0.8377193212509155
1683362847.4246728,82,0.8427631855010986
1683362954.3146741,83,0.8537280559539795
1683363062.6207042,84,0.851754367351532
1683363165.3806045,85,0.8528508543968201
1683363274.3421164,86,0.8607456088066101
1683363391.5335948,87,0.8502193093299866
1683363496.862329,88,0.8638157844543457
