Wall time,Step,Value
1683240208.7458904,0,0.7879300117492676
1683240276.5000725,1,0.043803367763757706
1683240308.9203446,2,0.46811190247535706
1683240378.4269218,3,0.1155395358800888
1683240398.7643542,4,1.18463933467865
1683240467.5483916,5,1.2725175619125366
1683240554.806367,6,0.0672616958618164
1683240592.0098433,7,0.27619409561157227
1683240675.4301667,8,0.4844892621040344
1683240757.5178008,9,0.0648626983165741
1683240803.7080193,10,0.043956954032182693
1683240878.6165168,11,0.1212754026055336
1683240965.1313713,12,0.1630975306034088
1683241040.4422245,13,0.01765681430697441
1683241062.422246,14,0.0033174597192555666
1683241143.6946106,15,0.020405372604727745
1683241198.5530343,16,2.589148998260498
1683241270.1452992,17,1.945237398147583
1683241291.43167,18,0.011249760165810585
1683241314.225695,19,0.47847849130630493
1683241335.7556927,20,0.046269018203020096
1683241357.3978863,21,0.10704270005226135
1683241379.5924366,22,0.009600977413356304
1683241401.1256175,23,0.08847473561763763
1683241422.9759414,24,1.1021515130996704
1683241444.7509673,25,0.027744360268115997
1683241497.6873717,26,2.0664315223693848
1683241547.3148057,27,0.5942068099975586
1683241570.8363073,28,0.5802059173583984
1683241593.3443754,29,0.048499733209609985
1683241615.4077096,30,0.07935547828674316
1683241638.0850883,31,0.009031767025589943
1683241702.7295728,32,0.10575011372566223
1683241760.2137015,33,0.004588832147419453
1683241781.1785836,34,0.3754885494709015
1683241865.9825232,35,0.033770911395549774
1683241943.3772168,36,0.19260171055793762
1683241986.1287625,37,0.11235383152961731
1683242032.9130611,38,0.021453429013490677
1683242062.7217808,39,1.0622061491012573
1683242130.4405577,40,0.5017057657241821
1683242174.7431116,41,0.16072610020637512
1683242247.0241814,42,3.0511207580566406
1683242269.063001,43,0.18065455555915833
1683242299.0606694,44,0.5008298754692078
1683242388.036127,45,0.6021685600280762
1683242410.4409766,46,0.3752818703651428
1683242433.2745678,47,0.027841800823807716
1683242455.2329473,48,0.051092348992824554
1683242477.9530115,49,1.044801950454712
