Wall time,Step,Value
1683240208.7460024,0,0.912898600101471
1683240276.5001333,1,0.9612089395523071
1683240308.9204032,2,0.9704902172088623
1683240378.4269836,3,0.975368857383728
1683240398.7644157,4,0.9813184142112732
1683240467.5484567,5,0.974416971206665
1683240554.8064313,6,0.9852451086044312
1683240592.0099056,7,0.9901237487792969
1683240675.4302268,8,0.991313636302948
1683240757.5178728,9,0.9929795265197754
1683240803.708077,10,0.9951213598251343
1683240878.6166182,11,0.9957163333892822
1683240965.1315274,12,0.9963113069534302
1683241040.442295,13,0.99666827917099
1683241062.4223256,14,0.99666827917099
1683241143.6946719,15,0.9973822236061096
1683241198.5531023,16,0.9969062209129333
1683241270.145423,17,0.9979771375656128
1683241291.4317615,18,0.9975011944770813
1683241314.2257543,19,0.9967872500419617
1683241335.7558396,20,0.9973822236061096
1683241357.397952,21,0.9979771375656128
1683241379.5924942,22,0.9970252513885498
1683241401.1256764,23,0.9977391958236694
1683241422.9760005,24,0.9980961680412292
1683241444.7510335,25,0.9990480542182922
1683241497.68744,26,0.9971442222595215
1683241547.314875,27,0.9978581666946411
1683241570.8363667,28,0.9985721111297607
1683241593.3444362,29,0.9988101124763489
1683241615.4077766,30,0.9982151389122009
1683241638.0851839,31,0.9989290833473206
1683241702.729679,32,0.9983341097831726
1683241760.2137594,33,0.9988101124763489
1683241781.1786432,34,0.999405026435852
1683241865.9825864,35,0.9985721111297607
1683241943.377278,36,0.9988101124763489
1683241986.1288223,37,0.9992860555648804
1683242032.9131227,38,0.9988101124763489
1683242062.7218454,39,0.9986910820007324
1683242130.4406123,40,0.9988101124763489
1683242174.7431967,41,0.9985721111297607
1683242247.0242429,42,0.9982151389122009
1683242269.0631156,43,0.9986910820007324
1683242299.0607471,44,0.9989290833473206
1683242388.0361943,45,0.9992860555648804
1683242410.44104,46,0.999405026435852
1683242433.2746465,47,0.9986910820007324
1683242455.2330074,48,0.9991670846939087
1683242477.953141,49,0.9989290833473206
