Wall time,Step,Value
1683384485.5756545,0,0.5162280797958374
1683384887.2793572,1,0.6105263233184814
1683385334.9632227,2,0.6278508901596069
1683385825.0056043,3,0.6614035367965698
1683386325.6667686,4,0.67960524559021
1683386945.6606085,5,0.6947368383407593
1683387490.3049004,6,0.7138158082962036
1683388114.206799,7,0.7317982316017151
1683388677.4437456,8,0.7361842393875122
1683389283.7228458,9,0.7442982196807861
1683389816.786086,10,0.746052622795105
1683390408.408648,11,0.7576754093170166
1683390991.5251482,12,0.7747806906700134
1683391574.234875,13,0.7760964632034302
1683392138.4761598,14,0.7782894968986511
1683392576.3087327,15,0.784649133682251
1683392930.1367834,16,0.7901315689086914
1683393299.012757,17,0.8008772134780884
1683393679.548843,18,0.7964912056922913
1683394055.853348,19,0.8096491098403931
1683394442.9299169,20,0.8184210658073425
1683394815.1821537,21,0.8109649419784546
1683395173.627894,22,0.8225877285003662
1683395510.71043,23,0.8160087466239929
1683395904.538717,24,0.8199561238288879
1683396212.259539,25,0.8228070139884949
1683396570.4602618,26,0.8291666507720947
1683396908.8325536,27,0.8309210538864136
1683397270.2901928,28,0.8271929621696472
1683397620.19378,29,0.8353070020675659
1683397915.603412,30,0.8423245549201965
1683398253.4955838,31,0.8427631855010986
1683398641.8094454,32,0.8500000238418579
1683398980.3085234,33,0.8541666865348816
1683399346.576824,34,0.8589912056922913
1683399698.1939697,35,0.8543859720230103
1683400036.5418425,36,0.8548245429992676
1683400356.1905277,37,0.8662280440330505
1683400654.2274628,38,0.8600876927375793
1683401007.0908356,39,0.8618420958518982
1683401355.4824388,40,0.8642544150352478
1683401707.432552,41,0.8692982196807861
1683402052.8710475,42,0.8677631616592407
1683402398.1571152,43,0.8699561357498169
1683402732.7573338,44,0.871052622795105
1683403081.1366594,45,0.8787280917167664
1683403458.1282842,46,0.8811403512954712
1683403805.4384966,47,0.8809210658073425
1683404150.1866124,48,0.8760964870452881
1683404499.124641,49,0.8791666626930237
