Wall time,Step,Value
1683384485.5755556,0,1.3259212970733643
1683384887.279294,1,1.1507891416549683
1683385334.9631596,2,0.890674889087677
1683385825.005541,3,0.9611566662788391
1683386325.6667042,4,0.7226749062538147
1683386945.6605415,5,0.8762466311454773
1683387490.3048384,6,0.7668142318725586
1683388114.2066162,7,0.6102505922317505
1683388677.443684,8,0.61595618724823
1683389283.7227292,9,0.6214649677276611
1683389816.786012,10,0.6618021726608276
1683390408.4085822,11,0.5874603390693665
1683390991.5249975,12,0.6321127414703369
1683391574.2347856,13,0.6351420879364014
1683392138.4760935,14,0.6075617074966431
1683392576.3086739,15,0.6461140513420105
1683392930.136719,16,0.6223041415214539
1683393299.0126944,17,0.44792136549949646
1683393679.5487857,18,0.6511715650558472
1683394055.8532882,19,0.4525068700313568
1683394442.9298549,20,0.6399439573287964
1683394815.1820867,21,0.6348861455917358
1683395173.6278312,22,0.7072018980979919
1683395510.7103753,23,0.6987547874450684
1683395904.5386624,24,0.40391626954078674
1683396212.2594864,25,0.6261777877807617
1683396570.4602065,26,0.3861420452594757
1683396908.8325,27,0.4311773180961609
1683397270.290138,28,0.31676191091537476
1683397620.193722,29,0.4985160231590271
1683397915.6033528,30,0.5677145719528198
1683398253.4955316,31,0.4873325824737549
1683398641.80939,32,0.5972203016281128
1683398980.308467,33,0.34795957803726196
1683399346.5767703,34,0.4996541142463684
1683399698.193915,35,0.5468902587890625
1683400036.5417871,36,0.42070087790489197
1683400356.1904705,37,0.4557039141654968
1683400654.2274005,38,0.38033053278923035
1683401007.0907862,39,0.3494890332221985
1683401355.4823782,40,0.6194453239440918
1683401707.4324932,41,0.5168545842170715
1683402052.8709958,42,0.4404584765434265
1683402398.15706,43,0.5926727652549744
1683402732.7572746,44,0.38896888494491577
1683403081.1366024,45,0.25593942403793335
1683403458.1282318,46,0.5236290693283081
1683403805.438433,47,0.4874191880226135
1683404150.1865575,48,0.27295535802841187
1683404499.1245873,49,0.5128359794616699
