Wall time,Step,Value
1683234600.0971394,0,0.40598803758621216
1683234606.9056864,1,0.466267466545105
1683234612.9871795,2,0.48223552107810974
1683234619.7320185,3,0.46666666865348816
1683234625.6397476,4,0.47624751925468445
1683234631.5861917,5,0.48223552107810974
1683234637.5342138,6,0.5049900412559509
1683234643.4476614,7,0.4942115843296051
1683234649.3786497,8,0.514970064163208
1683234655.3186095,9,0.5117764472961426
1683234661.2368326,10,0.5161676406860352
1683234667.1726663,11,0.5189620852470398
1683234673.1474414,12,0.5181636810302734
1683234679.0571113,13,0.5237525105476379
1683234684.9703867,14,0.5293413400650024
1683234690.8774846,15,0.5309381484985352
1683234696.9570625,16,0.5357285141944885
1683234702.8404768,17,0.5441117882728577
1683234708.7687356,18,0.5309381484985352
1683234714.7143462,19,0.5233532786369324
1683234720.652884,20,0.5349301099777222
1683234726.5725667,21,0.538922131061554
1683234732.5043056,22,0.544910192489624
1683234738.4822462,23,0.5373253226280212
1683234744.391012,24,0.5473054051399231
1683234750.299462,25,0.5453093647956848
1683234756.2294416,26,0.5548902153968811
1683234762.222268,27,0.5361277461051941
1683234768.1273544,28,0.5520958304405212
1683234774.040007,29,0.5349301099777222
1683234780.0157497,30,0.5393213629722595
1683234785.9071622,31,0.5489022135734558
1683234791.8920953,32,0.5485029816627502
1683234797.8717506,33,0.5512974262237549
1683234803.7481384,34,0.5353293418884277
1683234809.725651,35,0.5508981943130493
1683234815.6329048,36,0.5473054051399231
1683234821.9165745,37,0.5461077690124512
1683234828.3344443,38,0.5489022135734558
1683234834.3301802,39,0.5512974262237549
1683234840.236306,40,0.5401197671890259
1683234846.1832986,41,0.5397205352783203
1683234852.1907327,42,0.5301397442817688
1683234858.1290286,43,0.5421157479286194
1683234864.4988806,44,0.5345309376716614
1683234870.7678049,45,0.553692638874054
1683234876.6979766,46,0.5401197671890259
1683234882.6077259,47,0.5544910430908203
1683234888.6913264,48,0.5481038093566895
1683234894.8318086,49,0.5365269184112549
