Wall time,Step,Value
1683234600.0970786,0,1.0682024955749512
1683234606.905617,1,1.2170805931091309
1683234612.987118,2,1.662026047706604
1683234619.7319534,3,1.850743055343628
1683234625.6396918,4,1.5536047220230103
1683234631.5861292,5,1.2483298778533936
1683234637.5341523,6,1.3172194957733154
1683234643.447602,7,1.5943069458007812
1683234649.3785615,8,1.1746604442596436
1683234655.3185432,9,1.3122856616973877
1683234661.2367694,10,1.672925591468811
1683234667.172609,11,0.8876745104789734
1683234673.1473587,12,1.3651527166366577
1683234679.0570526,13,0.9480095505714417
1683234684.970324,14,1.2819874286651611
1683234690.8774228,15,1.1530245542526245
1683234696.9569983,16,1.0439199209213257
1683234702.8404179,17,1.5014653205871582
1683234708.768676,18,1.1360712051391602
1683234714.7142885,19,1.2036606073379517
1683234720.652828,20,1.0467634201049805
1683234726.572506,21,1.225340485572815
1683234732.5042477,22,1.0694754123687744
1683234738.4821842,23,1.272159218788147
1683234744.3909519,24,1.1719790697097778
1683234750.2994025,25,1.3330638408660889
1683234756.2293646,26,1.6269769668579102
1683234762.222207,27,1.1043832302093506
1683234768.1272895,28,1.1206609010696411
1683234774.0399466,29,1.4371674060821533
1683234780.0156798,30,1.5463682413101196
1683234785.9070837,31,1.3579908609390259
1683234791.8920343,32,1.021337628364563
1683234797.8716888,33,1.260528564453125
1683234803.7480788,34,1.205999732017517
1683234809.7255938,35,1.2409696578979492
1683234815.632839,36,1.1726411581039429
1683234821.9165094,37,1.5309926271438599
1683234828.3343792,38,0.8699730038642883
1683234834.3301227,39,0.8793841004371643
1683234840.236244,40,1.2127289772033691
1683234846.183227,41,1.204406499862671
1683234852.1906686,42,1.2984532117843628
1683234858.1289673,43,1.0154560804367065
1683234864.4988031,44,1.0252294540405273
1683234870.7677457,45,0.9082579612731934
1683234876.6979172,46,1.0853739976882935
1683234882.6076617,47,1.7568577527999878
1683234888.6912599,48,1.4132165908813477
1683234894.8317444,49,1.2383124828338623
