Wall time,Step,Value
1683235606.9156399,0,1.3332384824752808
1683235632.681411,1,1.4404029846191406
1683235657.701637,2,1.4989415407180786
1683235682.877601,3,1.439164638519287
1683235708.5193956,4,1.517785906791687
1683235726.7826912,5,1.3718650341033936
1683235733.0821757,6,1.4263291358947754
1683235739.090063,7,1.367231845855713
1683235746.5200179,8,1.0044282674789429
1683235754.5087032,9,1.2745531797409058
1683235760.5933712,10,1.402106523513794
1683235766.2626054,11,1.2951035499572754
1683235771.358591,12,1.0715274810791016
1683235776.4331717,13,1.3915292024612427
1683235782.3028376,14,1.3813961744308472
1683235793.6917658,15,1.7327977418899536
1683235816.6730363,16,1.4534687995910645
1683235841.2707152,17,1.3496830463409424
1683235864.5910616,18,1.5330723524093628
1683235895.2542832,19,1.2781399488449097
1683235901.0299883,20,0.9910619854927063
1683235906.9752324,21,1.190624713897705
1683235925.9635844,22,1.2224422693252563
1683235947.7997415,23,1.5501419305801392
1683235971.1908057,24,1.1085047721862793
1683235992.1626427,25,1.0749729871749878
1683235999.4135544,26,1.1023057699203491
1683236007.730768,27,1.0480315685272217
1683236027.8934734,28,1.5374952554702759
1683236048.5873702,29,1.274795413017273
1683236071.8487298,30,1.1935195922851562
1683236095.9229388,31,1.2844053506851196
1683236120.1911125,32,1.2525230646133423
1683236145.6261978,33,1.2716679573059082
1683236166.8318112,34,1.0384997129440308
1683236191.608117,35,1.1276969909667969
1683236218.5144446,36,0.9014396667480469
1683236242.6550934,37,1.248661994934082
1683236251.8875024,38,1.1781823635101318
1683236257.5574863,39,1.1711963415145874
1683236264.1221764,40,1.0506582260131836
1683236269.997777,41,1.020835041999817
1683236279.77192,42,1.4391493797302246
1683236303.0857134,43,1.1810544729232788
1683236331.5014682,44,1.252100944519043
1683236348.558948,45,0.9288475513458252
1683236354.1618235,46,0.9175503253936768
1683236359.823289,47,1.3033998012542725
1683236365.6989918,48,1.3690301179885864
1683236371.6943097,49,1.0966111421585083
