Wall time,Step,Value
1683235606.9157052,0,0.382435142993927
1683235632.6814752,1,0.42914173007011414
1683235657.7017007,2,0.4399201571941376
1683235682.8776746,3,0.44950100779533386
1683235708.519456,4,0.4698602855205536
1683235726.7827659,5,0.43832334876060486
1683235733.0822341,6,0.4562874138355255
1683235739.0901248,7,0.4694610834121704
1683235746.5201037,8,0.47984030842781067
1683235754.508784,9,0.47465071082115173
1683235760.5934432,10,0.46666666865348816
1683235766.262666,11,0.4846307337284088
1683235771.3586514,12,0.48223552107810974
1683235776.4332254,13,0.48183631896972656
1683235782.3029013,14,0.4942115843296051
1683235793.691829,15,0.4982036054134369
1683235816.6731,16,0.4946107864379883
1683235841.270775,17,0.49500998854637146
1683235864.5911248,18,0.49700599908828735
1683235895.2543435,19,0.49341318011283875
1683235901.0300446,20,0.5017964243888855
1683235906.9753003,21,0.49740520119667053
1683235925.9636524,22,0.5101796388626099
1683235947.7998037,23,0.5005987882614136
1683235971.190872,24,0.5137724280357361
1683235992.16271,25,0.5045908093452454
1683235999.4136226,26,0.4978044033050537
1683236007.730833,27,0.5085828304290771
1683236027.8935442,28,0.5173652768135071
1683236048.587464,29,0.5189620852470398
1683236071.8487964,30,0.5097804665565491
1683236095.9230862,31,0.5185628533363342
1683236120.1911798,32,0.5113772749900818
1683236145.6263506,33,0.5129740238189697
1683236166.8318822,34,0.5121756196022034
1683236191.6081827,35,0.5177644491195679
1683236218.5145402,36,0.5185628533363342
1683236242.65516,37,0.5185628533363342
1683236251.8875737,38,0.5125748515129089
1683236257.5575519,39,0.5113772749900818
1683236264.122234,40,0.5153692364692688
1683236269.9978535,41,0.5125748515129089
1683236279.7719767,42,0.5141716599464417
1683236303.085784,43,0.5273452997207642
1683236331.5015314,44,0.5173652768135071
1683236348.5590105,45,0.5157684683799744
1683236354.1618896,46,0.5109780430793762
1683236359.8233416,47,0.5269461274147034
1683236365.6990488,48,0.5101796388626099
1683236371.6943908,49,0.5241516828536987
