Wall time,Step,Value
1683234909.3623047,0,1.566375732421875
1683234934.9107966,1,1.4485958814620972
1683234960.7818003,2,1.6786950826644897
1683234986.104216,3,1.312429666519165
1683235008.9009762,4,1.0692474842071533
1683235033.758313,5,1.1800392866134644
1683235057.4177902,6,0.6516573429107666
1683235077.1128037,7,0.8068557977676392
1683235103.8615267,8,1.111691951751709
1683235128.2688684,9,0.7132070064544678
1683235161.7434146,10,0.5693244934082031
1683235176.6510677,11,1.1818181276321411
1683235182.7995765,12,0.7025830149650574
1683235189.2045183,13,0.7650516033172607
1683235195.7240279,14,0.6358447074890137
1683235202.4654257,15,0.5456039309501648
1683235209.2609928,16,0.7300060391426086
1683235217.3045297,17,1.0693905353546143
1683235225.9780238,18,0.428739458322525
1683235232.5056393,19,0.8217716217041016
1683235238.773896,20,0.7833796143531799
1683235246.6948915,21,0.4379534423351288
1683235252.9538915,22,0.5757715106010437
1683235259.3798344,23,0.8438757061958313
1683235265.5395355,24,0.4292031526565552
1683235271.8148794,25,0.699912965297699
1683235277.9344392,26,0.3011341691017151
1683235284.4227495,27,0.5029446482658386
1683235290.5886023,28,0.5044137835502625
1683235296.7221384,29,0.7169431447982788
1683235302.8512216,30,0.44426146149635315
1683235309.146919,31,0.5820502638816833
1683235315.3061244,32,0.5006988048553467
1683235321.5742261,33,0.6832443475723267
1683235330.5635047,34,0.6258066296577454
1683235337.8696463,35,0.5859745740890503
1683235353.1711378,36,0.344438374042511
1683235363.2174318,37,0.4281032979488373
1683235373.435126,38,0.39985984563827515
1683235387.2535572,39,0.4346140921115875
1683235413.307565,40,0.4391532838344574
1683235435.4551604,41,0.45767101645469666
1683235461.5154612,42,0.351023405790329
1683235473.6242013,43,0.40569865703582764
1683235479.888209,44,0.3854809105396271
1683235491.0614977,45,0.28338101506233215
1683235505.7869484,46,0.43311429023742676
1683235530.0473058,47,0.35184618830680847
1683235552.9192,48,0.37252184748649597
1683235579.0704165,49,0.2510766088962555
