Wall time,Step,Value
1683234909.3624005,0,0.4602794349193573
1683234934.9108655,1,0.5620758533477783
1683234960.7818668,2,0.6019960045814514
1683234986.1042922,3,0.6299400925636292
1683235008.9010434,4,0.667465090751648
1683235033.7583787,5,0.6738523244857788
1683235057.4178572,6,0.6914171576499939
1683235077.1129682,7,0.693812370300293
1683235103.8616922,8,0.6922155618667603
1683235128.2689345,9,0.7121756672859192
1683235161.7434824,10,0.7253493070602417
1683235176.651125,11,0.7277445197105408
1683235182.7996306,12,0.7397205829620361
1683235189.2045763,13,0.7556886076927185
1683235195.724081,14,0.7560878396034241
1683235202.4654913,15,0.7632734775543213
1683235209.2610583,16,0.7828343510627747
1683235217.3045926,17,0.7892215847969055
1683235225.9780915,18,0.8039920330047607
1683235232.5057058,19,0.8039920330047607
1683235238.773958,20,0.8107784390449524
1683235246.6949613,21,0.8191616535186768
1683235252.953948,22,0.8227545022964478
1683235259.3799057,23,0.8279440999031067
1683235265.53959,24,0.8307385444641113
1683235271.8149354,25,0.8459081649780273
1683235277.9345026,26,0.8355289697647095
1683235284.422911,27,0.8431137800216675
1683235290.5886567,28,0.8379241228103638
1683235296.7221985,29,0.8538922071456909
1683235302.8512816,30,0.8518962264060974
1683235309.1469781,31,0.8550898432731628
1683235315.3061895,32,0.8594810366630554
1683235321.5742884,33,0.8710578680038452
1683235330.5635653,34,0.8666666746139526
1683235337.869703,35,0.8746507167816162
1683235353.1712205,36,0.8722555041313171
1683235363.2174947,37,0.8810379505157471
1683235373.4352503,38,0.886227548122406
1683235387.2536266,39,0.8874251246452332
1683235413.3076355,40,0.8946107625961304
1683235435.4552326,41,0.8906187415122986
1683235461.515533,42,0.8914171457290649
1683235473.62426,43,0.8970059752464294
1683235479.888269,44,0.9017964005470276
1683235491.0615652,45,0.9001995921134949
1683235505.78701,46,0.9077844023704529
1683235530.0473769,47,0.8990020155906677
1683235552.9192727,48,0.9037924408912659
1683235579.0704863,49,0.9061876535415649
